<?xml version="1.0" encoding="utf-8" standalone="yes"?>
<rss version="2.0" xmlns:atom="http://www.w3.org/2005/Atom">
  <channel>
    <title>Pink Joker slot demo – Prova la demo gratuita ora on Pink Joker</title>
    <link>https://pinkjoker.org/demo/</link>
    <description>Recent content in Pink Joker slot demo – Prova la demo gratuita ora on Pink Joker</description>
    <generator>Hugo</generator>
    <language>it</language>
    <lastBuildDate></lastBuildDate>
    <atom:link href="https://pinkjoker.org/demo/index.xml" rel="self" type="application/rss+xml" />
  </channel>
</rss>
